<?xml version="1.0" encoding="UTF-8"?>
<!DOCTYPE mapper PUBLIC "-//mybatis.org//DTD Mapper 3.0//EN" "http://mybatis.org/dtd/mybatis-3-mapper.dtd">
<mapper namespace="com.example.dao.DbUserDao">

    <resultMap type="com.example.entity.DbUser" id="DbUserMap">
        <result property="uid" column="uid" jdbcType="INTEGER"/>
        <result property="name" column="name" jdbcType="VARCHAR"/>
        <result property="sex" column="sex" jdbcType="VARCHAR"/>
        <result property="age" column="age" jdbcType="INTEGER"/>
    </resultMap>

    <!--查询单个-->
    <select id="queryById" resultMap="DbUserMap">
        select
          uid, name, sex, age
        from db_user
        where uid = #{uid}
    </select>

    <!--查询指定行数据-->
    <select id="queryAllByLimit" resultMap="DbUserMap">
        select
          uid, name, sex, age
        from db_user
        <where>
            <if test="uid != null">
                and uid = #{uid}
            </if>
            <if test="name != null and name != ''">
                and name = #{name}
            </if>
            <if test="sex != null and sex != ''">
                and sex = #{sex}
            </if>
            <if test="age != null">
                and age = #{age}
            </if>
        </where>
        limit #{pageable.offset}, #{pageable.pageSize}
    </select>

    <!--统计总行数-->
    <select id="count" resultType="java.lang.Long">
        select count(1)
        from db_user
        <where>
            <if test="uid != null">
                and uid = #{uid}
            </if>
            <if test="name != null and name != ''">
                and name = #{name}
            </if>
            <if test="sex != null and sex != ''">
                and sex = #{sex}
            </if>
            <if test="age != null">
                and age = #{age}
            </if>
        </where>
    </select>

    <!--新增所有列-->
    <insert id="insert" keyProperty="uid" useGeneratedKeys="true">
        insert into db_user(name, sex, age)
        values (#{name}, #{sex}, #{age})
    </insert>

    <insert id="insertBatch" keyProperty="uid" useGeneratedKeys="true">
        insert into db_user(name, sex, age)
        values
        <foreach collection="entities" item="entity" separator=",">
        (#{entity.name}, #{entity.sex}, #{entity.age})
        </foreach>
    </insert>

    <insert id="insertOrUpdateBatch" keyProperty="uid" useGeneratedKeys="true">
        insert into db_user(name, sex, age)
        values
        <foreach collection="entities" item="entity" separator=",">
            (#{entity.name}, #{entity.sex}, #{entity.age})
        </foreach>
        on duplicate key update
        name = values(name),
        sex = values(sex),
        age = values(age)
    </insert>

    <!--通过主键修改数据-->
    <update id="update">
        update db_user
        <set>
            <if test="name != null and name != ''">
                name = #{name},
            </if>
            <if test="sex != null and sex != ''">
                sex = #{sex},
            </if>
            <if test="age != null">
                age = #{age},
            </if>
        </set>
        where uid = #{uid}
    </update>

    <!--通过主键删除-->
    <delete id="deleteById">
        delete from db_user where uid = #{uid}
    </delete>

</mapper>

