<?xml version="1.0" encoding="UTF-8"?>
<!DOCTYPE mapper PUBLIC "-//mybatis.org//DTD Mapper 3.0//EN" "http://mybatis.org/dtd/mybatis-3-mapper.dtd">
<mapper namespace="com.example.dao.DbBookDao">

    <resultMap type="com.example.entity.DbBook" id="DbBookMap">
        <result property="bid" column="bid" jdbcType="INTEGER"/>
        <result property="title" column="title" jdbcType="VARCHAR"/>
        <result property="describle" column="describle" jdbcType="VARCHAR"/>
    </resultMap>

    <!--查询单个-->
    <select id="queryById" resultMap="DbBookMap">
        select
          bid, title, describle
        from db_book
        where bid = #{bid}
    </select>

    <!--查询指定行数据-->
    <select id="queryAllByLimit" resultMap="DbBookMap">
        select
          bid, title, describle
        from db_book
        <where>
            <if test="bid != null">
                and bid = #{bid}
            </if>
            <if test="title != null and title != ''">
                and title = #{title}
            </if>
            <if test="describle != null and describle != ''">
                and describle = #{describle}
            </if>
        </where>
        limit #{pageable.offset}, #{pageable.pageSize}
    </select>

    <!--统计总行数-->
    <select id="count" resultType="java.lang.Long">
        select count(1)
        from db_book
        <where>
            <if test="bid != null">
                and bid = #{bid}
            </if>
            <if test="title != null and title != ''">
                and title = #{title}
            </if>
            <if test="describle != null and describle != ''">
                and describle = #{describle}
            </if>
        </where>
    </select>

    <!--新增所有列-->
    <insert id="insert" keyProperty="bid" useGeneratedKeys="true">
        insert into db_book(title, describle)
        values (#{title}, #{describle})
    </insert>

    <insert id="insertBatch" keyProperty="bid" useGeneratedKeys="true">
        insert into db_book(title, describle)
        values
        <foreach collection="entities" item="entity" separator=",">
        (#{entity.title}, #{entity.describle})
        </foreach>
    </insert>

    <insert id="insertOrUpdateBatch" keyProperty="bid" useGeneratedKeys="true">
        insert into db_book(title, describle)
        values
        <foreach collection="entities" item="entity" separator=",">
            (#{entity.title}, #{entity.describle})
        </foreach>
        on duplicate key update
        title = values(title),
        describle = values(describle)
    </insert>

    <!--通过主键修改数据-->
    <update id="update">
        update db_book
        <set>
            <if test="title != null and title != ''">
                title = #{title},
            </if>
            <if test="describle != null and describle != ''">
                describle = #{describle},
            </if>
        </set>
        where bid = #{bid}
    </update>

    <!--通过主键删除-->
    <delete id="deleteById">
        delete from db_book where bid = #{bid}
    </delete>

</mapper>

